IP,COUNTRY,LAT,LON,DIST,RTT
92.38.169.178,US,40.7795,-74.0805,9.158603335384537,1.9401311874389648
170.39.226.151,US,40.7905,-74.0815,9.795004539760708,1.348423957824707
23.157.160.140,US,40.7395,-74.0115,13.597443711358975,2.712535858154297
217.243.179.165,US,40.7195,-74.0095,13.878976069749836,13.408136367797852
152.195.68.35,US,40.7115,-74.0105,13.939724316362938,2.468109130859375
109.230.208.226,US,40.7185,-74.0085,13.977592405258926,69.28958892822266
104.131.160.184,US,40.7085,-74.0095,14.090576217222228,1.8584012985229492
156.154.35.254,US,40.7405,-74.0005,14.52971335189143,1.223301887512207
207.246.88.250,US,40.5605,-74.4815,32.58867030415359,2.3247241973876953
76.26.115.194,US,39.9585,-75.6095,149.51344601311578,8.190727233886719
216.171.184.239,US,43.1015,-75.2405,277.3029588605615,8.87453556060791
68.64.60.178,US,39.0595,-76.9625,302.583772960837,9.863066673278809
216.171.180.239,US,43.0375,-76.1485,303.72701783925584,8.781838417053223
192.1.110.32,US,42.3895,-71.1495,311.9294126163723,9.92274284362793
204.8.154.50,US,42.3515,-71.0985,312.99993076632626,6.975007057189941
185.114.152.90,US,42.3485,-71.0615,315.34927321010497,10.504937171936035
128.164.88.178,US,38.9005,-77.0505,319.7231912851176,8.529496192932129
206.196.178.150,US,38.9215,-77.2085,328.79365802706957,8.945798873901367
63.218.125.154,US,38.9515,-77.3595,337.08513212933866,6.966757774353027
170.39.224.221,US,38.9515,-77.3615,337.22360411773525,9.212207794189453
204.9.93.238,US,38.9595,-77.3825,338.14793806444766,8.238577842712402
156.154.119.254,US,39.0175,-77.4485,338.9910995539491,7.993721961975098
192.73.253.2,US,39.0195,-77.4585,339.5704207913613,7.914137840270996
107.162.216.5,US,39.0195,-77.4615,339.78281207118994,12.402677536010742
199.119.65.55,US,39.0205,-77.4625,339.78972738024316,8.124256134033203
37.10.42.14,US,39.0115,-77.4595,340.15353968404634,6.916546821594238
152.195.64.35,US,39.0415,-77.4885,340.30398425310136,6.808018684387207
208.80.155.69,US,39.0385,-77.4885,340.49325395866333,7.295370101928711
34.202.174.53,US,39.0395,-77.4895,340.50137501712976,7.822680473327637
35.186.175.121,US,39.0395,-77.4925,340.7151206838206,8.083868026733398
74.119.119.255,US,38.9975,-77.4795,342.4656415595784,8.147072792053223
192.136.136.221,US,38.8875,-77.4305,346.2849063804786,8.633589744567871
147.135.78.61,US,38.7505,-77.6685,371.942355438614,7.915282249450684
208.73.138.12,US,37.7015,-77.4415,439.4430997694529,22.230005264282227
185.57.190.200,US,42.8905,-78.8805,458.5030237901888,14.726877212524414
208.40.192.202,US,40.4315,-80.0385,497.69236792276337,16.532325744628906
54.39.185.31,CA,45.3115,-73.8925,508.8511794468621,9.037017822265625
35.203.43.169,CA,45.4975,-73.5725,531.2559874071706,13.550806045532227
99.79.30.74,CA,45.4985,-73.5695,531.3890633264439,13.693571090698242
206.162.189.131,CA,45.5015,-73.5685,531.7284509887082,18.708491325378418
172.93.18.42,CA,45.5185,-73.5215,533.9741669699433,13.726329803466797
165.227.45.164,CA,43.6505,-79.3595,536.8460590858157,11.565589904785156
149.248.50.86,CA,43.6505,-79.3605,536.9118937778624,16.1038875579834
23.159.16.30,CA,43.6515,-79.3785,538.1617636976952,16.42909049987793
128.100.103.40,CA,43.6595,-79.4015,540.1903076536404,27.712130546569824
103.144.177.30,CA,43.7675,-79.3295,542.521789407936,30.095338821411133
172.99.232.21,CA,43.8275,-79.3325,546.7148043703858,19.629240036010742
155.254.2.42,CA,43.4775,-80.5495,608.8144537257791,22.43194580078125
104.225.3.74,US,35.9315,-78.8795,673.382537375418,17.025065422058105
3.17.51.141,US,39.9585,-82.9995,754.571598624404,18.161845207214355
208.86.250.253,US,42.4515,-83.2585,780.7299522875801,34.4141960144043
96.126.70.90,CA,46.0795,-64.8115,961.9005182222152,26.68635845184326
35.243.131.207,US,33.1995,-80.0125,984.2759620019357,19.896626472473145
160.36.2.198,US,35.9595,-83.9225,1002.8162109450731,24.425196647644043
216.37.47.154,US,39.9615,-86.1525,1020.6291797291728,27.04923152923584
204.42.254.42,US,41.8485,-87.6205,1132.026942130643,19.628119468688965
92.38.176.25,US,41.8515,-87.6215,1132.120362916773,18.95925998687744
192.5.203.212,US,40.4595,-87.6595,1140.9021694420123,26.010584831237793
156.154.39.254,US,42.0005,-87.9485,1159.8259378034484,22.069978713989258
66.42.119.57,US,41.9905,-87.9585,1160.608881992713,21.452832221984863
163.237.247.18,US,41.9975,-87.9685,1161.4680355773594,23.19486141204834
209.195.0.34,US,33.8915,-84.4705,1186.0747617697725,20.076966285705566
144.202.18.114,US,33.7795,-84.4205,1191.179755122646,23.110628128051758
206.144.240.4,US,44.9695,-93.2515,1624.3963240210505,32.17124938964844
207.246.74.246,US,25.7985,-80.2305,1749.0109567769596,34.844112396240234
108.59.192.190,US,39.0995,-94.5685,1749.251300360688,43.47963333129883
165.140.142.122,US,39.1375,-94.5795,1749.274135102292,33.81214141845703
170.39.225.183,US,39.1395,-94.5815,1749.3956206724122,33.64365100860596
92.38.132.60,US,25.7785,-80.1905,1749.9460114981719,36.66961193084717
156.154.37.254,US,25.7775,-80.1885,1749.9930174546448,32.77597427368164
109.230.214.3,US,25.7775,-80.1885,1749.9930174546448,32.60846138000488
69.30.249.206,US,39.0985,-94.5795,1750.2043810655362,31.093621253967285
23.128.248.9,US,39.0975,-94.5795,1750.228364389096,41.21377468109131
152.195.88.35,US,25.7605,-80.1895,1751.8228944629166,32.270145416259766
164.113.94.217,US,38.9505,-95.2625,1811.5166862708604,45.111799240112305
34.68.239.153,US,41.2585,-95.8625,1821.1606562928769,28.24399471282959
69.89.207.87,US,48.5805,-96.5185,1965.2352045557416,39.168643951416016
206.144.243.4,US,32.7885,-96.7885,2195.203153619321,52.77819633483887
207.148.2.169,US,32.7905,-96.7915,2195.3348164214494,40.0984525680542
208.80.152.244,US,32.9915,-96.9315,2195.601229943397,39.597272872924805
156.154.40.254,US,32.8015,-96.8185,2196.910430418,40.822529792785645
170.39.65.69,US,32.8015,-96.8215,2197.153546387595,42.26429462432861
151.139.52.113,US,32.7985,-96.8215,2197.3203713102826,40.88270664215088
45.65.244.254,DO,19.7695,-70.5095,2350.350975608081,118.9056396484375
138.255.248.5,DO,19.3905,-70.5205,2391.777859642583,118.72889995574951
173.248.145.27,US,39.6195,-104.8915,2605.9860273418903,42.65320301055908
152.199.96.35,US,39.7385,-104.9885,2611.2315306746877,40.265488624572754
201.220.0.6,SX,18.0295,-63.0495,2733.166867243806,66.71023368835449
200.94.183.170,MX,25.7805,-100.1825,2918.499265599639,67.8981065750122
200.94.182.170,MX,25.7715,-100.1885,2919.6084491653255,105.04889488220215
168.234.77.108,GT,14.6585,-90.5425,3297.334440372544,124.05194176567926
131.100.0.158,MX,19.3975,-99.2715,3360.3236562589686,59.69085693359375
74.118.183.197,US,37.0775,-113.6095,3415.9176123986426,55.94193935394287
104.225.102.122,US,33.4215,-112.0125,3432.9938377056487,62.53933906555176
50.28.98.185,US,33.4175,-112.0125,3433.17977193425,62.718939781188965
200.107.82.196,CR,9.9305,-84.0695,3549.762280796996,84.87358093261719
167.250.112.2,PA,8.9875,-79.5185,3556.8563784967855,84.3449592590332
170.254.172.12,VE,9.7315,-63.1905,3601.799053483825,68.38033199310303
131.72.76.118,TT,10.2385,-61.3685,3606.5298124270944,77.17938423156738
104.196.238.136,US,45.5915,-121.1785,3805.154791625696,60.9055757522583
204.15.11.34,US,47.4995,-122.2895,3860.2283215830853,65.18957614898682
141.193.21.100,US,47.4895,-122.2885,3860.2872654470593,86.66913509368896
152.195.92.35,US,47.6095,-122.3295,3861.761821203957,64.2465353012085
156.154.41.254,US,47.6105,-122.3405,3862.569985773658,61.19208335876465
205.201.63.22,US,47.6085,-122.3405,3862.5962242935625,60.732436180114746
45.77.211.82,US,47.6095,-122.3415,3862.6577651164284,62.55793571472168
170.39.227.194,US,47.6075,-122.3425,3862.7586753230207,65.28768539428711
107.162.223.5,US,47.6205,-122.3625,3864.0811977302496,59.32211875915527
23.170.33.3,CA,49.2595,-123.0295,3894.7003938486237,61.17563247680664
192.172.226.235,US,32.8815,-117.2415,3900.083819618018,64.17243480682373
192.102.254.220,CA,49.2775,-123.1085,3900.25854932933,71.61507606506348
192.30.89.87,CA,49.2795,-123.1095,3900.3120622089123,77.44424343109131
206.108.17.63,CA,49.2785,-123.1185,3900.974027444497,67.7495002746582
23.157.112.130,US,34.1675,-118.0915,3912.20093948384,65.17376899719238
52.25.230.98,US,45.5195,-122.6785,3921.996365182317,66.49847030639648
149.248.18.65,US,34.0615,-118.2385,3929.371141371771,64.552903175354
34.94.50.16,US,34.0505,-118.2385,3929.8685848364526,68.22042465209961
156.154.38.254,US,34.0515,-118.2585,3931.5094160574195,66.12706184387207
149.20.162.6,US,34.0485,-118.2585,3931.6451319491816,70.44775485992432
37.10.126.72,US,34.0515,-118.2605,3931.6780213304332,65.34545421600342
63.218.212.242,US,34.0475,-118.2625,3932.02758776869,71.83647155761719
156.154.123.254,CO,4.6715,-74.1595,3994.663418567742,75.22306442260742
66.244.16.33,US,40.5785,-122.4005,4025.611895166131,78.0630350112915
156.154.36.254,US,37.2385,-121.7785,4092.4052399173825,67.88177490234375
107.162.217.5,US,37.2375,-121.7825,4092.776532683883,68.23148727416992
23.168.145.10,US,37.4715,-121.9185,4094.9895280607197,75.47130584716797
204.87.183.13,US,37.4685,-121.9185,4095.105194855828,67.60008335113525
23.131.160.206,US,37.4675,-121.9185,4095.1437549824177,67.57042407989502
85.202.203.201,US,37.4705,-121.9215,4095.27693476391,68.02666187286377
5.188.202.25,US,37.4895,-121.9305,4095.2912625987037,67.59674549102783
23.161.80.46,US,37.4675,-121.9205,4095.3096599636465,67.36416816711426
23.157.112.121,US,37.4685,-121.9215,4095.354050831969,65.39926528930664
79.110.170.42,US,37.4685,-121.9215,4095.354050831969,67.37425327301025
185.174.157.222,US,37.5495,-121.9885,4097.793206761512,66.23320579528809
149.28.210.233,US,37.3315,-121.8885,4097.918606854285,71.90897464752197
128.199.5.28,US,37.3485,-121.9595,4103.151606213986,69.68779563903809
68.121.162.125,US,37.8595,-122.2195,4105.112245492578,77.62129306793213
74.119.118.17,US,37.3985,-122.0085,4105.277768775321,38.816070556640625
171.67.70.16,US,37.4295,-122.1715,4117.597786972223,71.25890254974365
13.52.39.20,US,37.7685,-122.4195,4125.115316344993,66.98727607727051
198.35.26.244,US,37.7195,-122.3985,4125.246905665818,69.3152666091919
213.190.96.41,IS,64.1375,-21.9605,4216.780479876494,114.76473808288574
185.93.159.17,IS,64.1475,-21.9105,4219.397714442068,83.68337154388428
143.255.248.149,EC,-0.1085,-78.4685,4544.071050260789,103.80756855010986
193.242.111.196,IE,53.3175,-6.4425,5126.64660132627,92.85593032836914
193.1.201.140,IE,53.3295,-6.3695,5131.090700260678,77.29830741882324
34.252.48.144,IE,53.3495,-6.2595,5137.733929719488,78.59623432159424
82.148.224.6,GB,53.5805,-2.4425,5377.271477090175,77.66945362091064
164.39.242.17,GB,53.4685,-2.3085,5389.148755564076,74.06177520751953
176.74.17.75,GB,53.4685,-2.2915,5390.236672277379,77.93035507202148
46.227.202.97,GB,53.4815,-2.2425,5392.984824694062,77.06778049468994
193.50.97.164,FR,48.3585,-4.5695,5402.827097010101,94.55182552337646
109.232.177.220,GB,53.9785,-1.5215,5424.001534536525,78.09393405914307
141.170.19.12,GB,53.7985,-1.5485,5427.6947948515335,74.26302433013916
185.32.189.249,PT,38.7915,-9.1215,5446.053797858016,115.79275131225586
185.118.112.5,PT,38.7205,-9.1395,5447.85715433024,96.6177225112915
185.39.208.23,PT,38.7175,-9.1395,5447.993792785214,112.98985481262207
185.166.144.170,PT,38.7475,-9.1005,5449.720255094513,105.77232837677002
86.188.235.234,GB,51.3885,-2.3605,5450.916628683053,75.18649101257324
5.182.48.97,PT,38.6575,-9.0805,5455.4103788163475,96.55752182006836
185.194.168.88,GB,52.9875,-1.1715,5476.9271255315925,72.54314422607422
194.50.88.164,GB,53.0495,-0.7895,5499.48977096808,81.92708492279053
37.143.141.141,GB,50.7175,-1.8925,5504.798243421396,73.12419414520264
80.82.241.134,GB,51.7785,-1.2725,5509.918120041878,75.0511646270752
185.57.191.228,GB,52.9085,-0.6405,5513.635952678062,73.40824604034424
153.92.43.251,GB,52.2815,-0.8685,5519.544895207146,70.1401948928833
185.184.236.30,GB,52.0415,-0.8225,5530.587264210834,71.1052656173706
5.62.127.14,GB,51.4305,-0.9805,5541.014771155744,73.07538986206055
185.97.160.7,GB,51.5215,-0.6405,5560.323223280996,72.24607467651367
156.154.80.254,GB,51.5195,-0.6405,5560.39260291967,75.5122184753418
107.162.220.5,GB,51.5175,-0.6405,5560.4619884296235,72.46649265289307
37.10.44.14,GB,51.5195,-0.6325,5560.920198556935,84.87963676452637
46.101.90.215,GB,51.5175,-0.6295,5561.187453705244,68.38967800140381
5.57.16.65,GB,51.5205,-0.6185,5561.808739198039,83.50825309753418
194.81.236.229,GB,51.5195,-0.6185,5561.843454886651,72.50194549560547
90.223.193.3,GB,51.5085,-0.5985,5563.544533555578,75.56719779968262
35.234.152.175,GB,51.5115,-0.1285,5594.410634421211,70.18334865570068
52.56.61.239,GB,51.5075,-0.1295,5594.485949948425,69.49307918548584
185.232.117.201,GB,51.5215,-0.1015,5595.835092167283,69.41287517547607
185.40.232.202,GB,51.5205,-0.1005,5595.936218064879,67.99759864807129
193.57.144.24,GB,51.5215,-0.0705,5597.875429424192,67.52707958221436
45.77.229.242,GB,51.5185,-0.0695,5598.047268158135,71.71201705932617
153.92.43.250,GB,51.2405,-0.1725,5601.115738107189,68.45989227294922
153.92.43.249,GB,51.2395,-0.1725,5601.1513669363885,67.84491539001465
92.223.59.77,GB,51.4975,-0.0095,5602.739822638737,72.61266708374023
90.223.193.1,GB,51.5115,0.0005,5602.901862631614,67.37303733825684
217.65.161.42,GB,51.5115,0.0015,5602.967670626398,68.45121383666992
45.91.124.83,FR,48.1115,-1.6405,5617.209059855799,82.03635215759277
80.67.190.218,FR,48.1095,-1.6385,5617.42579524338,81.80837631225586
185.150.253.30,FR,48.1195,-1.6285,5617.739199252196,88.01431655883789
5.135.102.47,FR,50.9875,2.1295,5762.468559602826,75.2767562866211
145.239.14.84,FR,51.0205,2.1615,5763.303771580653,75.70104598999023
31.47.76.181,ES,40.4895,-3.6925,5791.822287227475,86.25822067260742
163.117.253.5,ES,40.3285,-3.7715,5793.291178622868,94.51041221618652
92.38.171.55,ES,40.5815,-3.5795,5796.19974565598,97.41065502166748
82.98.154.62,ES,40.4405,-3.6225,5799.500812857285,86.00525856018066
194.156.155.241,ES,40.4405,-3.6215,5799.577710216281,86.57896518707275
156.154.79.254,ES,40.4475,-3.5685,5803.324255569168,131.89172744750977
217.168.87.54,NO,63.4595,10.9805,5823.826914321829,102.89509296417236
185.233.100.99,FR,44.8575,-0.5615,5828.275277943171,82.41982460021973
54.37.106.211,FR,50.6885,3.1785,5843.347905706776,81.50522708892822
149.91.83.251,FR,48.8885,2.2075,5851.588520368874,73.54376316070557
45.183.45.23,PE,-12.0525,-77.0415,5851.596813926385,115.80119132995605
83.97.95.20,FR,48.8695,2.2905,5858.02541447762,97.61502742767334
89.185.60.124,FR,48.9305,2.3495,5859.509569409458,78.79855632781982
92.243.9.77,FR,48.9275,2.3485,5859.565962308105,81.86619281768799
185.122.101.201,FR,48.9305,2.3505,5859.57756014683,73.00732135772705
217.70.176.109,FR,48.9285,2.3505,5859.660485562985,82.98282623291016
178.250.0.57,FR,48.9285,2.3505,5859.660485562985,82.24668502807617
195.80.157.38,FR,48.9275,2.3505,5859.7019501734,74.27372932434082
156.154.78.254,FR,48.9275,2.3515,5859.769943700926,111.89422607421875
195.169.128.156,NL,52.1085,4.3285,5861.56753026789,74.56316947937012
217.25.179.62,FR,48.9085,2.3695,5861.782217601068,73.3076810836792
199.247.13.129,FR,48.9095,2.3705,5861.808716281578,75.16553401947021
5.188.93.37,FR,48.8805,2.3605,5862.332618937584,79.66771125793457
77.70.145.254,FR,48.8585,2.3495,5862.498005191329,75.63426494598389
52.47.90.8,FR,48.8595,2.3505,5862.524517235664,73.69365692138672
132.227.123.3,FR,48.8515,2.3605,5863.5376662356575,83.19501876831055
80.67.163.251,FR,48.8585,2.3785,5864.471753917006,75.29423236846924
192.134.1.25,FR,48.8575,2.3785,5864.513335710114,73.14653396606445
37.49.234.132,FR,48.8585,2.3815,5864.675921833616,74.4232177734375
193.17.192.164,FR,48.8215,2.3985,5867.372948112849,77.89885997772217
185.97.141.2,FR,48.7715,2.3795,5868.162243494577,73.30782413482666
51.159.68.135,FR,48.7905,2.4075,5869.277720318835,73.1039047241211
185.51.192.48,NL,52.3895,4.6595,5871.590478603811,71.90413475036621
78.141.215.164,NL,52.3885,4.6605,5871.693656641591,79.57868576049805
5.79.112.97,NL,52.3885,4.6675,5872.1391195712295,71.86546325683594
91.198.174.132,NL,52.3875,4.6705,5872.369581502181,74.45313930511475
185.173.232.218,NL,52.4975,4.7985,5876.15375383175,78.58970165252686
46.22.180.61,NL,51.9195,4.4675,5877.989837365961,74.97286796569824
45.87.76.6,NL,51.5905,4.3105,5881.050444452472,77.1507740020752
37.143.33.15,NL,51.9095,4.5505,5883.719374488744,75.35254955291748
5.57.17.65,NL,52.3515,4.8315,5884.043056599065,73.5102891921997
199.10.66.231,NL,52.3485,4.8315,5884.162411088084,74.19464588165283
37.10.45.14,NL,52.3375,4.8275,5884.345536211977,76.32451057434082
44.151.129.253,FR,48.8315,2.6595,5884.715750103254,84.09197330474854
193.0.0.164,NL,52.3705,4.8975,5887.485328653571,82.46595859527588
193.0.0.165,NL,52.3715,4.8995,5887.572684918932,81.56085014343262
194.122.76.250,NL,52.3695,4.8995,5887.652356655276,74.26002025604248
145.220.0.55,NL,52.3675,4.8985,5887.668434470583,72.92635440826416
46.148.125.32,NL,52.3695,4.9015,5887.77954935622,72.84252643585205
194.109.78.2,NL,52.3395,4.8895,5888.211724601481,72.56009578704834
45.150.40.189,NL,52.3275,4.9185,5890.535833711327,83.4989070892334
92.38.184.82,NL,52.3375,4.9305,5890.900290432845,73.53842258453369
91.200.16.69,NL,52.3585,4.9485,5891.207168306052,72.85799980163574
188.166.44.91,NL,52.3515,4.9605,5892.249775350061,73.19629192352295
156.154.77.254,NL,52.3495,4.9615,5892.393239376213,102.49426364898682
46.183.250.14,NL,52.3475,4.9605,5892.409502676478,74.51245784759521
178.250.2.47,NL,52.2895,4.9475,5893.900089114456,73.97491931915283
84.38.236.1,NL,52.2905,4.9485,5893.923769596022,75.32830238342285
35.241.249.92,BE,50.4485,3.8175,5895.238279684605,77.08830833435059
143.129.80.132,BE,51.1775,4.4205,5904.905968973325,81.03315830230713
80.67.181.29,BE,50.8195,4.3675,5916.128354877097,79.47676181793213
91.237.218.10,BE,50.8695,4.4805,5921.458605426987,76.59077644348145
109.68.162.233,BE,50.8805,4.4985,5922.181234775575,77.1921157836914
87.195.79.82,NL,52.5385,5.7005,5931.639188852238,75.5284309387207
193.163.86.201,NL,52.5395,5.7085,5932.104154192786,73.2933759689331
91.215.150.218,NL,52.3575,5.6375,5935.001794301064,75.58989524841309
195.43.159.22,NO,59.9215,10.7405,5936.774200642238,83.39624404907227
185.111.204.121,BE,50.8495,4.7185,5937.840229510721,75.36098957061768
77.234.51.79,NO,59.9415,10.8305,5940.761925059699,102.69854068756104
87.238.48.84,NO,59.9375,10.8315,5940.964868950617,95.1073169708252
212.72.227.133,NL,52.0315,5.6175,5947.056587832862,86.4325761795044
213.136.12.209,NL,52.0305,5.6185,5947.161443550467,86.6626501083374
80.93.87.194,FR,49.2275,4.0305,5960.647807628923,76.64525508880615
67.221.250.132,NL,52.2495,5.9995,5962.384556222258,74.58055019378662
87.195.25.82,NL,52.2505,6.0005,5962.406760258933,78.15170288085938
185.54.92.70,NL,52.2485,5.9995,5962.425786466109,80.79946041107178
35.204.192.123,NL,53.4385,6.8375,5966.16345250994,77.14395523071289
195.246.236.1,NL,51.9885,5.9275,5968.598314111758,79.17189598083496
94.198.159.9,NL,51.9805,5.9705,5971.671321728717,79.42783832550049
45.135.151.45,NL,53.1685,6.8605,5978.632586461909,80.07693290710449
46.244.63.73,NL,53.1105,6.8805,5982.2616032142605,77.45816707611084
77.214.52.102,DK,57.0195,9.8985,6003.190706312611,100.95148086547852
130.89.144.98,NL,52.2385,6.8575,6017.173399596243,76.34313106536865
178.251.24.49,NL,52.2175,6.8585,6018.12318020951,78.77707481384277
185.156.96.242,DK,54.9485,8.8695,6027.5796313754545,95.7733154296875
185.119.168.5,FR,43.6175,1.4175,6028.877876310191,85.38129329681396
93.93.40.27,FR,43.6185,1.4195,6028.977157319532,94.65994834899902
5.145.135.67,DE,50.7805,6.1275,6032.58664625447,82.1953535079956
80.247.237.225,FR,43.5475,1.4875,6037.293932833904,94.6315050125122
185.151.70.11,FR,43.5395,1.5215,6040.159230490241,100.5476713180542
212.10.11.213,DK,55.5095,9.5095,6042.210540428241,98.80881309509277
185.221.36.2,DK,56.0715,9.9795,6046.364674191497,91.36157035827637
91.190.224.98,DE,52.3105,7.4385,6050.767324006832,85.39457321166992
213.9.97.164,DE,51.2285,6.7675,6054.616340326182,77.45018005371094
217.28.166.213,DK,56.1085,10.1595,6055.237150426867,90.91510772705078
91.240.92.5,DE,51.2705,6.8175,6056.013204398372,78.11589241027832
204.11.3.45,DE,51.2695,6.8175,6056.056512878102,79.3264389038086
37.157.253.244,DE,51.2695,6.8185,6056.12079779134,78.6323070526123
194.125.250.102,DE,51.2715,6.8205,6056.16274447477,78.14617156982422
194.50.94.201,DE,51.2715,6.8215,6056.227026362047,78.55236530303955
212.119.5.254,DE,51.2195,6.8085,6057.644367173407,81.04686737060547
185.138.55.234,DE,51.1905,6.8675,6062.6997486524015,76.67129039764404
213.131.234.24,DE,51.1885,6.8675,6062.786662123561,84.31181907653809
31.172.2.249,DE,51.1915,6.8705,6062.849357374894,89.49508666992188
158.64.14.122,LU,49.5015,5.9495,6076.9091472205955,88.30161094665527
31.172.2.34,DE,51.5215,7.3705,6080.534249077296,89.95823860168457
195.253.76.130,DE,51.4885,7.3975,6083.699061187143,79.52761650085449
92.223.105.240,LU,49.5785,6.1095,6084.097297067994,81.3086748123169
185.33.216.12,DE,51.1905,7.2305,6086.04198980061,80.5711030960083
46.29.176.71,LU,49.5115,6.1075,6086.950354609341,86.05365753173828
80.237.204.24,DE,50.9095,7.0575,6087.2365616138295,84.25917625427246
188.93.174.26,LU,49.5015,6.1075,6087.3964086234555,86.45796775817871
185.36.180.63,LU,49.5015,6.1105,6087.5954634618665,79.57520484924316
185.36.180.55,LU,49.4975,6.1105,6087.773929436551,79.50174808502197
31.172.2.253,DE,51.5205,7.4895,6088.17435985581,89.9529218673706
212.29.44.199,DE,51.5005,7.5295,6091.602901418095,81.03928565979004
85.93.215.82,LU,49.5785,6.2285,6091.9816694424335,80.85336685180664
31.209.92.235,DE,53.0775,8.7685,6100.65361861427,84.15160179138184
147.84.200.125,ES,37.9905,-1.1285,6113.0573470549725,103.60500812530518
37.202.7.126,DE,52.3775,8.6195,6121.975715422864,101.30934715270996
91.234.194.103,FR,48.7015,6.1395,6125.598516862481,77.98612117767334
212.51.187.100,FR,48.6985,6.1395,6125.73517339342,79.96950149536133
213.158.113.5,DE,54.3185,10.1175,6128.801401077946,82.45854377746582
45.9.86.252,DE,52.9295,9.2695,6138.05322453726,86.62240505218506
212.116.14.178,DE,53.7005,9.9875,6148.014244600412,92.69187450408936
185.70.144.118,DE,53.7385,10.0785,6151.85569920762,96.87039852142334
195.37.209.21,DE,53.5715,9.9905,6153.887814274113,94.29731369018555
87.253.184.92,DE,53.6075,10.0315,6154.788465796528,83.06224346160889
5.182.144.161,FR,45.9405,4.7285,6156.802232067605,80.04646301269531
185.41.106.81,DE,53.5475,10.0395,6157.929016992512,90.33839702606201
213.128.137.33,DE,53.5515,10.0485,6158.299189535918,88.89338970184326
80.252.103.222,DE,53.5495,10.0475,6158.32694791761,84.72292423248291
194.233.214.2,DE,53.4805,9.9975,6158.340440060128,86.5407943725586
139.19.117.65,DE,49.2615,7.0395,6160.075923097702,85.83042621612549
91.223.159.7,FR,45.8075,4.7685,6165.910300168355,86.0025405883789
77.95.65.42,FR,45.7795,4.8715,6174.480443422369,84.99755859375
51.89.117.81,DE,50.3995,8.0775,6176.110662753079,85.0733995437622
81.18.177.166,FR,45.7605,4.8975,6177.212287448773,78.71096134185791
84.88.18.254,ES,41.3885,2.1095,6188.1704888662125,111.99045181274414
46.30.208.71,DK,55.6595,12.2975,6197.950374997446,85.84127426147461
213.184.86.101,DK,55.7305,12.3785,6199.453948701877,92.00968742370605
185.38.27.194,DK,55.7275,12.3795,6199.645251272958,88.74807357788086
77.214.52.98,DK,55.7505,12.4885,6204.891131215045,88.76802921295166
217.198.242.227,DE,49.9905,8.2385,6205.3724409252,79.68027591705322
185.71.177.180,SE,65.8105,21.6785,6209.530892745036,108.19332599639893
45.148.157.1,FR,47.6395,6.8395,6222.256216005771,86.57469749450684
185.138.143.34,DE,50.1285,8.5975,6222.341595905475,85.11993885040283
185.145.196.198,DE,50.1275,8.5975,6222.388070631796,78.03959846496582
107.162.218.5,DE,50.1015,8.5885,6223.011851237097,81.76703453063965
80.67.184.90,FR,47.6375,6.8495,6223.03075738428,85.90929508209229
82.98.65.254,DE,50.1005,8.6285,6225.657932278039,96.25105857849121
185.233.143.6,DE,50.0975,8.6285,6225.797546093303,80.18996715545654
185.171.47.225,DE,50.0975,8.6295,6225.862532586759,80.24437427520752
139.162.139.168,DE,50.0975,8.6395,6226.5123807064265,80.2126407623291
34.89.240.90,DE,50.1115,8.6775,6228.32936854181,80.3178071975708
217.243.20.18,DE,50.1095,8.6785,6228.487479938896,93.65432262420654
2.58.52.152,DE,50.1095,8.6785,6228.487479938896,81.1229944229126
46.165.195.19,DE,50.1085,8.6795,6228.599018569494,82.07018375396729
3.121.238.252,DE,50.1085,8.6805,6228.663978116309,79.61325645446777
207.226.224.236,DE,50.1095,8.7015,6229.981455397163,80.11608123779297
83.243.44.55,DE,50.1385,8.7375,6230.9674433793025,83.84628295898438
194.50.92.201,DE,50.1375,8.7375,6231.0140519247,80.73263168334961
185.120.22.29,DE,50.1385,8.7385,6231.032354208337,82.79719352722168
194.93.76.130,DE,50.1205,8.7385,6231.871490710067,112.36176490783691
81.91.160.93,DE,50.1205,8.7395,6231.936419811788,80.82361221313477
156.154.76.254,DE,50.1215,8.7405,6231.954718733491,111.1875057220459
46.101.130.201,DE,50.1205,8.7405,6232.001348607174,78.30898761749268
185.91.44.9,DE,50.1195,8.7415,6232.1129090738805,80.25815486907959
45.76.86.163,DE,50.1175,8.7405,6232.141244661018,80.38721084594727
85.197.82.113,DE,50.1115,8.7395,6232.356127633088,80.1326036453247
192.65.184.54,FR,46.2285,6.0495,6235.3448965874395,82.63657093048096
185.134.197.94,CH,46.1975,6.0575,6237.3946149425565,88.3235216140747
213.225.160.239,FR,48.5795,7.7485,6239.014846604791,79.25105094909668
213.206.174.172,DE,49.4305,8.3615,6239.53309957391,97.94681072235107
81.20.112.23,DE,51.5485,9.9285,6241.650765106594,84.22362804412842
185.70.40.236,CH,46.2005,6.1395,6242.952301674216,91.7109727859497
193.138.218.50,SE,55.5975,13.0395,6243.486824939526,87.62564659118652
134.169.3.165,DE,52.2785,10.5375,6245.967434754171,87.42561340332031
91.209.0.21,SE,55.6875,13.2095,6249.1536168645625,91.1604642868042
62.176.249.60,DE,52.4305,10.7915,6254.669904874372,91.68868064880371
193.135.150.58,CH,46.5185,6.5985,6259.405100679799,86.05289459228516
192.42.42.166,CH,46.9975,6.9515,6260.581027155118,86.95523738861084
212.227.112.66,DE,48.9975,8.3895,6261.828355538506,79.98631000518799
5.1.99.172,CH,46.5175,6.6385,6262.217138588349,85.53974628448486
129.13.73.54,DE,49.0085,8.4085,6262.5633370574205,85.96420288085938
193.141.27.220,DE,48.9485,8.3875,6264.023076604797,91.43335819244385
195.158.60.23,DE,50.5615,9.6805,6272.008774485781,79.43341732025146
213.173.161.11,CH,47.5575,7.5895,6277.099712439289,86.05797290802002
185.188.44.100,CH,47.5085,7.6185,6281.43058265135,90.1256799697876
89.236.171.11,CH,47.5095,7.6215,6281.585886589105,86.8156909942627
141.28.230.229,DE,48.0475,8.2105,6295.376388261365,87.6237154006958
147.87.5.254,CH,46.9505,7.4395,6296.2817968106365,87.33525276184082
89.106.219.238,DE,48.7095,8.7385,6298.718180447816,90.08922576904297
109.70.154.90,CH,46.4675,7.2885,6309.508599505755,90.73500633239746
141.44.3.252,DE,52.1405,11.6395,6320.749645142985,88.24882507324219
129.143.66.65,DE,48.7485,9.1115,6321.555549009813,81.68182373046875
94.177.122.201,CH,47.4485,8.2095,6324.4135181338925,87.41073608398438
146.228.54.24,CH,47.4475,8.2095,6324.462412334115,90.91038703918457
212.9.170.190,DE,48.7115,9.1695,6327.189486150553,86.09049320220947
70.34.195.54,SE,59.3905,17.8785,6331.12585611931,97.54424095153809
156.154.85.254,SE,59.4205,17.9215,6331.912299031494,128.91130447387695
185.42.136.158,SE,59.3315,18.0595,6343.240818084267,104.29108142852783
193.180.242.86,SE,59.3285,18.0675,6343.795484740262,92.74616241455078
13.53.120.216,SE,59.3315,18.0705,6343.806580513252,97.34141826629639
213.108.25.10,SE,59.2975,18.0895,6346.408129430609,100.83959102630615
185.17.70.76,CH,47.4475,8.5375,6346.662210786291,88.01913261413574
185.173.128.71,CH,47.3805,8.4985,6347.320843499199,85.13329029083252
46.234.34.8,CH,47.3915,8.5205,6348.26855260019,89.17341232299805
193.36.105.129,CH,47.4115,8.5415,6348.704866181235,94.56825256347656
91.132.8.99,CH,47.4275,8.5605,6349.202349695461,98.3109712600708
194.242.34.190,CH,47.4275,8.5615,6349.269991783728,88.64114284515381
34.65.57.27,CH,47.3815,8.5375,6349.911869449717,85.4783296585083
185.70.41.236,CH,47.3795,8.5395,6350.1458008915715,93.43492984771729
130.59.80.2,CH,47.3805,8.5475,6350.63806208647,89.22722339630127
93.88.225.55,DE,50.0315,10.5215,6351.464016118839,92.05918312072754
80.242.193.157,CH,47.3995,8.6195,6354.573525546833,89.37532901763916
193.148.250.29,CH,47.4975,8.7215,6356.633269168495,92.58251190185547
217.197.95.69,DE,52.5385,13.2395,6399.822277055691,89.23788070678711
195.16.81.9,DE,51.4005,12.3995,6403.780421445864,89.91568088531494
213.212.129.68,IT,45.0905,7.6575,6403.849631891083,87.56780624389648
81.169.160.78,DE,52.5175,13.3185,6405.6651003757,84.41722393035889
194.116.77.35,IT,45.0405,7.6505,6405.896744966122,90.23096561431885
77.242.176.16,IT,45.5585,8.0305,6406.165307190577,89.04144763946533
192.44.83.3,DE,49.5715,11.0285,6406.781298810525,81.87122344970703
93.174.194.183,FI,65.0115,25.4695,6406.80587059781,117.41483211517334
37.44.1.36,DE,52.5005,13.3695,6409.607113445967,92.56000518798828
31.172.2.193,DE,52.4995,13.3715,6409.778091771964,88.16757202148438
185.27.158.238,DE,52.5205,13.3975,6410.331353361676,94.9575424194336
88.198.173.54,DE,49.4485,11.0085,6411.581990607481,84.62872505187988
78.47.56.73,DE,49.4485,11.0115,6411.776674612349,84.7285509109497
185.104.85.110,CH,47.3615,9.4475,6412.383426505782,89.54946994781494
194.150.191.46,DE,49.4275,11.0215,6413.468145451449,81.42521381378174
77.220.248.89,DE,52.4475,13.4295,6415.869602490986,87.4492883682251
193.27.55.25,DE,49.4515,11.0815,6416.169391499505,88.9157772064209
45.83.105.192,DE,49.4515,11.0815,6416.169391499505,82.00340270996094
185.244.192.10,DE,49.4475,11.0815,6416.368166341423,82.21158981323242
94.199.170.201,AT,47.2705,9.6105,6427.949896879461,94.7373628616333
213.222.217.85,PL,53.5005,14.5895,6433.791443169239,106.20758533477783
213.182.2.254,DE,47.7595,10.3195,6450.84438568938,100.37710666656494
185.54.81.31,CH,45.8485,8.9505,6455.1133648473915,95.55747509002686
109.168.125.243,IT,45.4785,9.1005,6484.490191796195,89.41566944122314
217.29.76.27,IT,45.4795,9.1015,6484.5078124144775,88.99140357971191
92.223.93.208,IT,45.4485,9.1505,6489.502280163554,101.53579711914062
194.187.174.6,IT,45.3795,9.1585,6493.6258008687155,89.86086845397949
188.172.218.22,IT,45.5015,9.3485,6500.460287514347,95.70176601409912
77.220.233.1,DE,51.0395,13.7285,6504.773389014078,93.52436065673828
195.30.70.33,DE,48.1405,11.5315,6511.878076329215,88.80672454833984
185.150.99.5,DE,48.2015,11.5885,6512.503927063287,95.10385990142822
62.245.181.100,DE,48.1875,11.5895,6513.28922464848,88.36138248443604
185.86.232.132,DE,48.2585,11.6675,6514.779615246719,87.8047227859497
193.65.45.86,FI,61.4875,23.7595,6515.229731853175,100.8476734161377
194.126.158.162,DE,48.1195,11.6005,6517.511907771417,85.14547348022461
185.181.224.13,DE,48.0585,11.5605,6518.010382864431,97.1787691116333
94.199.91.189,DE,48.0975,11.5975,6518.4462734168865,88.79992961883545
137.193.69.236,DE,48.0785,11.6505,6522.924152679412,86.36362552642822
185.78.49.100,IT,45.0495,9.7405,6551.208614386332,100.6892442703247
80.92.124.145,AT,47.2815,11.4995,6554.212930347418,96.12479209899902
89.236.107.38,FI,62.2405,25.9075,6573.656606918283,106.62047863006592
185.161.192.39,IT,46.4995,11.3485,6585.0544040577515,88.21072578430176
85.162.162.14,CZ,50.0505,14.3305,6593.632956110496,92.73362159729004
78.128.211.119,CZ,50.0975,14.3875,6594.769787169032,92.26162433624268
217.31.202.20,CZ,50.0785,14.4515,6599.8053330205785,93.1462049484253
81.91.95.116,CZ,50.0775,14.4515,6599.857816386482,86.9511365890503
93.190.128.178,CZ,50.0595,14.4785,6602.507029246881,87.68191337585449
88.86.103.5,CZ,50.0595,14.4795,6602.570148866216,87.50483989715576
185.178.172.32,CZ,50.0785,14.5205,6604.159104141577,89.31713104248047
109.248.43.37,CZ,50.0805,14.5295,6604.621745235465,89.65730667114258
193.46.104.18,AT,47.7885,13.0075,6627.56421095006,96.53167724609375
91.135.161.162,AT,47.8175,13.0405,6628.1963204491685,107.06596374511719
91.232.156.247,FI,60.2185,24.8695,6636.620899760967,102.90398597717285
95.217.19.69,FI,60.3395,25.0285,6637.55330003554,98.25594425201416
185.139.168.19,FI,60.2075,24.8985,6638.625127406778,102.80561447143555
213.192.184.42,FI,60.2015,24.9295,6640.449048306422,97.96853065490723
81.20.224.220,FI,60.2185,24.9515,6640.564872201651,102.95658111572266
212.7.0.250,EE,59.4615,24.6895,6669.9226178879435,102.31716632843018
95.47.236.146,EE,59.4595,24.6875,6669.9359509329015,100.2561092376709
195.43.87.140,EE,59.4285,24.6785,6671.222666767631,113.32182884216309
195.190.26.29,AT,48.1705,14.0415,6674.8611531820925,89.20102119445801
91.236.55.69,PL,52.9895,18.6705,6701.259304958572,105.43019771575928
35.228.29.222,FI,60.5705,27.1875,6726.780580202844,109.29791927337646
194.182.186.87,AT,46.6105,14.2595,6774.2178191598,96.01120948791504
143.205.170.32,AT,46.6205,14.2685,6774.263754808216,99.09758567810059
194.93.76.42,AT,46.6395,14.3095,6775.938680315781,96.22352123260498
178.255.156.202,AT,46.6175,14.3185,6777.752603302924,110.48593521118164
46.183.219.225,LV,56.9515,24.1115,6782.3207949864445,98.40521812438965
147.251.58.107,CZ,49.2115,16.6015,6782.353512418555,96.81737422943115
31.14.143.132,IT,43.4615,11.8375,6783.413928265575,96.72772884368896
80.79.16.242,CZ,49.2015,16.6175,6783.918254427685,98.06199073791504
212.3.202.246,LV,56.9675,24.1695,6784.434808907572,104.22210693359375
185.215.195.14,IT,45.7095,13.7315,6788.732469984714,100.83520412445068
62.80.227.146,LT,55.9195,23.2885,6797.61853667205,111.94489002227783
46.166.168.3,LT,55.9185,23.2895,6797.729252850042,108.69004726409912
193.2.63.12,SI,46.0475,14.4605,6818.898085978016,98.8856315612793
67.221.244.87,SI,46.0805,14.4895,6818.994562449594,100.32298564910889
185.206.184.74,SI,46.0775,14.4895,6819.16214913572,99.0837812423706
193.46.104.17,AT,48.2715,16.4075,6822.278340632754,91.87963008880615
193.170.114.242,AT,48.2695,16.4085,6822.454309569959,95.4329252243042
94.136.2.190,AT,48.2095,16.3585,6822.597724051781,91.70289039611816
5.1.66.5,AT,48.1905,16.3515,6823.21008007517,90.60232639312744
193.171.255.2,AT,48.2085,16.3695,6823.360343792918,94.16203498840332
92.60.13.86,AT,48.2095,16.3775,6823.818376554067,91.11559391021729
217.243.179.215,AT,48.1875,16.3895,6825.819863928336,106.30199909210205
51.83.252.103,PL,52.2075,20.8075,6870.1633480672635,103.4200668334961
188.241.28.37,PL,50.2485,18.9985,6873.403900077755,97.71814346313477
91.243.43.19,PL,50.2485,19.0005,6873.526494974964,95.62234878540039
185.236.240.19,PL,52.2375,20.9785,6878.462600208663,101.65627002716064
5.188.108.64,PL,52.2315,21.0005,6880.09463883275,97.0897912979126
156.154.84.254,PL,52.1495,21.0015,6884.861931778104,93.72470378875732
195.187.36.10,PL,52.1275,21.0685,6890.054187489314,97.0510721206665
92.223.65.18,RU,59.9795,30.3275,6908.645637867472,113.45601081848145
45.142.246.158,RU,59.8885,30.3305,6914.431166028932,105.83779811859131
94.242.1.50,RU,59.9085,30.4105,6916.905822907474,109.79275703430176
194.187.172.112,IT,41.8675,12.4795,6918.855047380895,97.1364974975586
193.201.40.210,IT,41.8995,12.5085,6919.078694412667,96.09034061431885
188.143.128.12,RU,59.8785,30.4285,6919.607300392395,125.56464672088623
161.53.251.28,HR,45.7905,15.9685,6934.11444887433,101.21567249298096
185.5.201.10,IT,42.9405,13.8815,6955.808660413597,108.50114822387695
5.20.2.255,LT,54.6995,25.2595,6975.492166698311,101.50055885314941
187.44.229.14,BR,-12.9795,-38.4505,6993.770771221582,118.40798854827881
5.28.0.17,HU,47.5015,19.0385,7034.978613762547,100.12595653533936
193.104.85.3,UA,49.9705,23.1505,7141.541873289381,117.44322776794434
31.130.200.18,BY,53.8915,27.4605,7144.6202018291,104.23855781555176
80.65.65.220,BA,44.1995,17.8995,7156.840155613462,112.88931369781494
5.158.64.189,IT,40.5875,14.9805,7171.996043001345,111.09676361083984
185.157.231.49,IT,38.1185,13.3605,7203.917515385605,113.27292919158936
195.130.61.208,BA,43.8605,18.4005,7211.031704081675,104.79731559753418
93.113.126.132,RO,45.7695,21.2305,7280.5283768371155,99.92709159851074
193.106.144.26,UA,50.6205,26.2505,7283.818011646427,132.26260079277887
87.237.203.50,RS,44.8015,20.4585,7290.200500181551,100.47638416290283
185.25.205.152,IT,40.9475,17.2785,7312.289117034756,90.78545570373535
150.164.1.222,BR,-19.8725,-43.9685,7402.033869726923,151.0216474533081
194.1.149.210,AL,41.3195,19.8215,7465.510687043502,109.38127040863037
91.213.39.29,RU,57.6405,39.8805,7504.136307166278,118.38421821594238
37.252.254.142,RU,55.8915,37.5085,7522.003693300684,110.7548475265503
193.232.226.58,RU,55.7985,37.4785,7527.278370726109,114.39599990844727
194.149.138.252,MK,42.0005,21.4105,7530.391670980671,117.336106300354
146.185.218.110,RU,55.7995,37.5505,7530.645186582313,122.83203601837158
109.70.107.25,UA,50.4775,30.4375,7532.558028822156,125.85737705230713
88.81.228.254,UA,50.4495,30.4495,7535.1316254584335,113.96658420562744
95.163.252.10,RU,55.7595,37.6185,7536.781493100781,124.8572587966919
62.205.155.50,UA,50.4605,30.4975,7537.087607454486,124.52447414398193
81.27.254.54,RU,55.7685,37.6515,7537.706312376373,113.23206424713135
185.22.25.5,RU,55.7405,37.6185,7538.154832494937,116.93308353424072
195.91.164.68,RU,55.7275,37.6215,7539.237932367822,117.86684989929199
91.202.128.78,UA,50.3805,30.4685,7540.88193442648,123.08962345123291
45.239.44.43,PY,-25.7795,-56.4515,7588.48241513254,153.8268804550171
86.107.73.26,RO,47.1585,27.5895,7589.310692286616,106.3450813293457
213.91.165.185,BG,42.6905,23.3215,7613.55794433833,112.09735870361328
213.91.165.187,BG,42.6605,23.3715,7618.832889817195,110.0139856338501
85.187.20.236,BG,42.6685,23.3975,7620.031496185393,117.25959777832031
148.163.220.5,BR,-23.4715,-46.8625,7649.583273455268,129.16529178619385
5.188.238.222,BR,-23.4885,-46.8405,7652.170272578941,130.4417371749878
193.150.67.79,BG,43.3885,24.6215,7653.065627536127,105.76658248901367
156.154.122.254,BR,-23.4895,-46.8095,7653.458902554017,109.06796455383301
197.239.73.59,BF,12.3715,-1.5085,7665.765603046746,177.26387977600098
152.195.206.35,BR,-23.5485,-46.6285,7666.459091809452,129.62594032287598
35.198.9.221,BR,-23.5525,-46.6325,7666.71564541571,115.50891399383545
18.228.126.142,BR,-23.5525,-46.6295,7666.831011486039,129.89211082458496
45.11.105.136,BR,-23.5825,-46.6385,7669.56299478951,123.85337352752686
200.160.6.19,BR,-23.6525,-46.7325,7673.141811868226,111.3508939743042
91.220.63.87,RO,44.4785,26.0675,7673.731213207184,106.7209005355835
178.17.170.109,MD,47.0175,28.8375,7674.184703008915,115.92133045196533
185.173.16.151,RO,44.4205,26.0975,7679.513603755634,108.31542015075684
143.208.160.10,BR,-25.0885,-50.1025,7701.031117738669,133.93380641937256
195.250.60.125,BG,44.1195,27.2595,7773.571135918208,116.55011177062988
195.189.60.149,UA,49.0685,33.4095,7797.5933731888235,107.23989009857178
141.105.133.30,UA,46.4775,30.7285,7824.7815414949755,125.20384788513184
138.204.7.245,AR,-29.2315,-61.7715,7851.224012518954,168.3441162109375
185.126.112.18,UA,46.9795,31.9875,7864.072888019772,119.86525058746338
217.77.210.42,UA,46.9705,31.9805,7864.298349820673,130.31702041625977
77.88.216.1,UA,48.4715,35.0585,7932.95452907664,124.28243160247803
176.119.210.244,GR,38.0775,23.6995,7946.4224027654955,119.37251091003418
83.212.7.42,GR,37.9895,23.7285,7954.400625483081,111.7828369140625
195.130.66.103,GR,37.9675,23.7495,7957.352876393681,114.36238288879395
178.218.68.22,UA,47.7815,35.1905,7990.746505065622,227.71167755126953
185.17.112.95,TR,40.9905,28.8305,8090.9390969569295,116.59674644470215
5.188.168.94,TR,40.9885,28.8305,8091.079846764252,116.32392406463623
217.146.6.118,TR,41.0695,29.0095,8097.01424011296,121.74367904663086
213.238.162.218,TR,40.9815,29.0985,8109.002733556607,127.8296709060669
188.130.254.243,UA,47.9995,37.8075,8120.153476491224,136.20953559875488
185.28.108.163,UA,48.0015,37.8375,8121.648077620524,133.41195583343506
185.92.0.41,TR,40.7705,29.7915,8168.927123471225,124.34179782867432
138.204.228.25,CL,-33.0415,-71.6205,8172.782984211464,148.27501773834229
200.132.1.32,BR,-30.0685,-51.1205,8191.493328907775,189.26100730895996
78.189.206.22,TR,40.7715,30.3885,8207.45799584706,126.4026403427124
148.163.223.233,CL,-33.3625,-70.6825,8212.004941461266,131.0542106628418
170.247.95.81,CL,-33.4205,-70.5985,8218.811259422064,135.3825569152832
200.1.122.55,CL,-33.4405,-70.6505,8220.790001137859,127.43566036224365
139.91.68.3,GR,35.3105,25.0715,8232.785005462438,120.17698287963867
196.49.14.25,GH,5.5975,-0.1885,8257.965153498153,163.29030990600586
109.248.196.2,RU,47.2285,39.7615,8285.807300487248,136.7046356201172
37.252.251.26,CL,-34.1615,-70.7605,8300.184507817326,136.99827194213867
143.202.20.39,AR,-33.8895,-60.5715,8379.736328295314,159.09318923950195
92.223.109.44,RU,56.8495,60.6295,8392.276322680524,139.89815711975098
81.211.199.45,KZ,51.2195,51.3795,8534.009917728576,152.31120586395264
200.7.84.24,UY,-34.8805,-56.1805,8573.149424156807,141.58461093902588
81.211.194.45,KZ,50.3105,57.1495,8861.137022771425,141.55361652374268
92.47.60.130,KZ,50.2775,57.1675,8864.873494903544,157.6796293258667
200.61.6.78,AR,-37.9985,-57.5395,8881.629693731265,163.40763568878174
81.211.198.45,KZ,47.1105,51.9095,8914.124604346287,155.0236701965332
193.169.52.51,RU,54.9885,73.3595,8958.758330523746,152.70514488220215
213.157.192.2,GE,41.7195,44.7075,8999.047250636857,152.29833126068115
94.231.212.79,RU,42.9785,47.5085,9047.093915886264,142.84141063690186
193.188.128.92,LB,33.8875,35.4985,9055.040531053402,125.41351318359375
91.218.5.67,AM,40.2085,44.5215,9112.855399692697,174.09656047821045
146.185.219.73,IL,32.0795,34.8605,9150.610317309589,126.19771957397461
94.247.111.19,RU,55.0315,82.9385,9172.063034747023,168.20533275604248
46.23.125.254,JO,31.9475,35.9085,9232.067729779425,139.1322135925293
81.211.193.45,KZ,51.1695,71.4195,9289.370775900905,159.82553958892822
81.211.201.45,KZ,52.2805,76.9695,9329.308072085541,169.02096271514893
130.193.166.22,IQ,36.2375,44.0085,9409.563058157451,142.70367622375488
81.211.204.45,KZ,49.7895,73.0795,9478.20220078327,162.5643253326416
81.211.202.45,KZ,50.4115,80.2495,9603.66261726249,166.80865287780762
80.241.3.66,KZ,50.4005,80.2515,9604.865294168783,163.4281873703003
176.114.16.104,RU,52.0295,113.4985,9699.414140299388,197.28631973266602
81.211.203.45,KZ,49.9485,82.6295,9705.792952489632,166.19787216186523
92.38.129.121,RU,48.5005,135.0975,9709.306403311968,206.8279266357422
81.211.196.45,KZ,44.8405,65.4995,9709.969352589304,180.20477294921875
185.209.84.141,RU,48.4705,135.0585,9713.472897919084,215.07349014282227
185.150.109.32,IR,35.7605,51.4015,9879.328592962722,159.8832130432129
185.229.28.6,IR,35.7195,51.3815,9881.7964264946,162.83776760101318
193.3.231.158,IR,35.7305,51.4285,9883.455104666964,187.98534870147705
172.80.253.92,IR,35.6885,51.3885,9884.895582789803,154.38098907470703
185.142.156.40,IR,34.6175,50.8515,9948.034598795564,152.45680809020996
81.211.195.45,KZ,42.3215,69.5995,10112.375586883718,163.6819839477539
81.211.197.45,KZ,42.8985,71.3795,10118.709306741226,160.3872776031494
180.149.98.146,MN,47.8885,106.9085,10186.10183003267,257.62906074523926
109.171.136.4,SA,22.3075,39.1085,10212.52699844738,145.55504322052002
212.43.17.42,KW,29.3385,47.9385,10228.348584928903,162.95831203460693
91.185.6.14,KZ,43.2475,76.9515,10263.45464835852,162.85839080810547
85.185.93.118,IR,36.2615,59.6175,10265.552367851868,228.37879922654895
217.76.65.78,KZ,43.2115,76.8985,10265.600320902597,161.78767681121826
81.211.172.100,KZ,43.2075,76.8985,10266.013805647613,166.3029909133911
217.11.176.143,TJ,38.5575,68.8075,10454.832388515732,196.04003429412842
45.94.14.204,SA,24.7215,46.6375,10534.791386942283,151.0509490966797
37.131.2.76,BH,26.2315,50.5515,10657.854841980075,165.82634449005127
185.206.239.122,IR,29.4905,57.6415,10785.927646471822,175.19667148590088
82.148.114.58,QA,25.2775,51.5215,10801.147795600229,259.9442720413208
202.214.97.16,JP,35.7295,139.7185,10859.09132346695,155.6239128112793
34.85.95.162,JP,35.6785,139.7675,10862.322082456953,153.2578706741333
103.40.209.7,JP,35.6575,139.8015,10863.116929090313,169.7004795074463
152.195.112.52,JP,35.6905,139.6905,10864.085397300545,159.1853141784668
52.69.122.97,JP,35.6905,139.6905,10864.085397300545,162.30432987213135
103.202.216.76,JP,35.6875,139.6905,10864.38663714665,153.72631549835205
92.38.178.149,JP,35.6475,139.7885,10864.62261287916,165.66267013549805
182.161.74.241,JP,35.6395,139.7905,10865.348197641411,171.4792251586914
103.170.232.152,JP,35.6215,139.7485,10868.776613603493,165.51886664496527
156.154.181.254,JP,35.6185,139.7515,10868.961933925866,163.01603317260742
104.238.161.230,JP,35.6195,139.7395,10869.324736183375,174.43079948425293
185.34.2.114,AE,25.6315,55.8115,11030.4539769199,180.98602294921875
87.201.194.242,AE,25.0915,55.1515,11039.510410069772,212.54007816314697
185.92.128.30,AE,25.0305,55.1875,11047.105031429479,192.14046001434326
80.77.4.60,AE,25.0305,55.1895,11047.224754416951,187.06951141357422
94.207.43.2,AE,25.0295,55.1915,11047.433660689354,200.03173351287842
94.203.76.219,AE,25.0285,55.1905,11047.462986111108,200.93467235565186
37.252.245.94,AE,25.0285,55.1915,11047.522846926317,205.1621675491333
91.201.7.243,AE,24.4475,54.3805,11050.22887929066,191.42601490020752
13.209.124.58,KR,37.5715,126.9805,11070.295288748164,192.01881885528564
141.164.39.1,KR,37.5785,126.8915,11071.719973363828,204.8661231994629
37.252.244.78,KR,37.5015,127.0285,11076.58489754263,206.34641647338867
92.38.135.131,KR,37.4775,126.8795,11082.787919894856,189.18919563293457
210.56.11.202,PK,33.7315,73.0885,11104.544432288838,200.74617862701416
156.154.53.254,AE,25.1295,56.3395,11106.651445254496,188.01796436309814
34.97.153.243,JP,34.6895,135.4975,11119.578750820665,161.70885562896729
196.49.15.189,UG,0.3115,32.5795,11394.545865168757,332.3784112930298
156.154.184.254,IN,28.5385,77.2395,11789.793351032778,309.0503454208374
196.6.220.42,KE,-1.3315,36.8715,11870.617675019614,235.49365997314453
202.52.0.25,NP,27.7095,85.3205,12137.749531602325,318.9627170562744
202.70.77.250,NP,27.4315,85.0305,12159.219490680567,313.39406967163086
196.49.5.98,TZ,-6.8105,39.2885,12474.85422370095,219.22404766082764
156.154.182.254,TW,25.0795,121.5815,12538.984001029092,217.5287961959839
63.222.40.114,TW,25.0715,121.5775,12539.937736409933,209.66545740763345
34.93.255.24,IN,19.0795,72.8775,12562.159560789005,205.82513809204102
35.154.190.197,IN,19.0805,72.8805,12562.201461295856,209.81554985046387
156.154.183.254,IN,19.0695,72.8695,12562.77407508268,250.32494068145752
196.40.111.147,ZA,-33.9715,18.4705,12572.613983113257,234.52699184417725
34.80.84.64,TW,24.0475,120.5175,12673.874494170703,182.72433280944824
103.15.246.16,BD,23.7495,90.3915,12689.78068137143,301.0240077972412
103.151.64.31,US,13.4585,144.6885,12798.990236776788,231.86216354370117
197.189.194.147,ZA,-25.9315,28.1405,12838.018697618323,233.85896682739258
197.80.104.36,ZA,-26.1415,28.0095,12840.49847869355,242.96700954437256
196.10.53.7,ZA,-26.1385,28.0305,12842.035717582665,244.00362968444824
102.130.49.144,ZA,-26.1405,28.1985,12855.976531293194,244.40176486968994
188.172.217.86,ZA,-26.1385,28.2005,12856.014989722444,254.40328121185303
41.79.249.228,ZA,-26.1385,28.2005,12856.014989722444,223.60634803771973
156.154.135.254,ZA,-26.1415,28.2015,12856.286287120138,225.44336318969727
37.10.40.14,HK,22.4515,114.1885,12955.936944140143,241.6395664215088
178.237.167.62,HK,22.4475,114.1915,12956.338664114615,207.08260536193848
152.195.186.35,HK,22.3995,114.1095,12962.645202778851,206.69138431549072
156.154.180.254,CN,22.3685,114.1215,12965.902157834034,231.90350532531738
45.11.104.146,CN,22.3575,114.1185,12967.148802776961,204.5621156692505
63.222.7.46,HK,22.3485,114.1205,12968.11292262397,228.680157661438
35.241.102.186,HK,22.3205,114.1675,12970.59898249415,191.63670539855957
182.161.72.25,HK,22.2875,114.2695,12972.930163065581,213.26160430908203
41.221.208.94,MZ,-25.9795,32.5805,13208.150384976892,240.24200439453125
196.10.55.135,ZA,-29.7295,31.0705,13311.463067770952,237.38418685065375
159.65.150.114,IN,12.9715,77.5905,13389.155940216766,282.31537342071533
63.222.187.5,PH,14.5585,121.0185,13686.387478992658,249.96068477630615
103.253.132.25,TH,13.7295,100.5075,13949.553367623606,266.94395542144775
103.2.186.195,NC,-22.2685,166.4575,14036.959731722774,233.41233730316162
27.111.84.21,PH,10.3205,123.9115,14055.895445414206,273.4417200088501
202.46.184.4,NZ,-36.8505,174.7675,14173.250996920173,233.68299007415771
103.121.34.150,NZ,-36.8515,174.7675,14173.30096642897,257.21209049224854
101.53.31.6,VN,10.7915,106.6975,14298.609819266172,242.4656629562378
103.157.198.10,MY,3.1475,101.7075,15126.803034900073,231.28116130828857
63.222.188.9,MY,3.1405,101.6875,15127.401115415782,275.36776065826416
103.102.166.20,SG,1.3595,103.8695,15338.20013760835,248.5177755355835
52.76.134.108,SG,1.3575,103.8705,15338.425394071752,251.25691890716553
103.156.251.7,SG,1.3515,103.8185,15338.863425678599,227.28865146636963
185.28.221.65,SG,1.3515,103.8195,15338.867806763423,267.5607204437256
152.195.196.35,SG,1.3505,103.8175,15338.969531465485,244.67976093292236
63.222.189.7,SG,1.3475,103.8175,15339.300998586576,251.79369449615479
35.187.225.53,SG,1.3375,103.7075,15339.910305674575,215.9238576889038
139.180.132.31,SG,1.3205,103.6975,15341.742079373234,250.52545070648193
37.10.41.14,SG,1.3205,103.7015,15341.760655349624,259.52465534210205
128.199.105.50,SG,1.3175,103.7005,15342.087450529378,245.73476314544678
139.162.3.33,SG,1.3215,103.8875,15342.475458637422,256.0699701309204
139.99.78.22,SG,1.3205,103.8885,15342.590186842639,229.27186489105225
203.175.175.206,SG,1.3205,103.9205,15342.724505501103,237.6969814300537
103.242.74.185,SG,1.3015,103.7905,15344.264202765531,230.75308799743652
103.62.48.193,SG,1.3005,103.7875,15344.361336859862,229.58505153656006
107.162.219.5,SG,1.3005,103.7905,15344.374689283182,231.85245990753174
203.119.15.254,SG,1.3005,103.7915,15344.37913573296,234.2881441116333
128.0.113.132,SG,1.2995,103.7915,15344.489622332927,229.15756702423096
203.174.85.106,SG,1.2985,103.7875,15344.582309362471,259.13286209106445
102.163.98.10,MU,-19.6825,63.4275,15381.499932940005,273.4330415725708
103.62.50.173,AU,-27.4505,153.0275,15485.585844928339,206.93790912628174
203.119.111.139,AU,-27.4685,153.0295,15486.460471453653,230.98113536834717
35.189.34.243,AU,-33.8685,151.2115,15973.948474305702,197.2259759902954
13.211.21.2,AU,-33.8725,151.2105,15974.215810911945,200.89805126190186
203.217.162.30,AU,-33.9095,151.1885,15977.761496275967,210.59339046478271
119.17.170.244,AU,-33.9095,151.1885,15977.761496275967,220.3726291656494
45.76.126.106,AU,-33.9115,151.1875,15977.93711855322,226.88677310943604
103.126.52.180,AU,-33.9205,151.1905,15978.095229459368,211.56818866729736
146.185.214.58,AU,-33.9225,151.1905,15978.18652620565,207.69140720367432
128.0.115.66,AU,-33.9195,151.1885,15978.218130755335,219.8157787322998
139.99.219.16,AU,-33.9195,151.1885,15978.218130755335,226.6932487487793
202.165.66.5,AU,-33.9215,151.1875,15978.393707540998,194.93749141693115
103.77.105.3,ID,-6.2125,106.8215,16178.413492190017,255.9866189956665
103.160.63.222,ID,-6.2395,106.8175,16181.408727775204,244.00482177734375
103.41.247.100,ID,-6.8725,107.5885,16248.63566519744,244.24965381622314
202.152.129.74,ID,-7.7785,110.3895,16325.303469864959,267.8466320037842
202.142.143.178,AU,-38.2395,146.4015,16552.373046417106,228.23917865753174
27.131.108.126,AU,-37.8185,145.3085,16629.585165827466,241.25652313232422
156.154.96.254,AU,-37.8205,144.9205,16662.163785705772,215.51847457885742
45.121.209.221,AU,-37.8195,144.9175,16662.381181073546,204.85529899597168
116.90.72.210,AU,-34.9315,138.5875,17086.39059467476,213.7873888015747
45.121.208.237,AU,-31.9605,115.7975,18692.919665557827,241.04909896850586
150.101.175.170,AU,-32.2295,115.9815,18704.87770458687,264.7810697555542
